pdb_id	release_date	resolution	method	title
9VQS	2026-07-01T00:00:00Z	2.8	ELECTRON MICROSCOPY	The structure of DbOR67d-DbOrco in the apo-like state
9VQT	2026-07-01T00:00:00Z	3.3	ELECTRON MICROSCOPY	The structure of DbOR67d-DbOrco in the cVA-bound state
9VQU	2026-07-01T00:00:00Z	2.8	ELECTRON MICROSCOPY	The structure of DbOR67d-DbOrco in the Z11-bound state
9VQV	2026-07-01T00:00:00Z	2.8	ELECTRON MICROSCOPY	The structure of DbOR67d-DbOrco in the VUAA1-bound state
8SCF	2023-07-12T00:00:00Z		SOLUTION NMR	TCEIII NMR Structure
8SCH	2023-07-12T00:00:00Z		SOLUTION NMR	TCEI_III NMR Structure
9MU5	2025-02-19T00:00:00Z	6.3	ELECTRON MICROSCOPY	Structure of a native Drosophila melanogaster hexameric nucleosome
9MU4	2025-02-19T00:00:00Z	3.29	ELECTRON MICROSCOPY	Structure of a native Drosophila melanogaster octameric nucleosome
8ZDZ	2024-10-30T00:00:00Z	2.64	ELECTRON MICROSCOPY	Drosophila mojavensis gustatory receptor 43a(Gr43a) in apo state
8ZE3	2024-10-30T00:00:00Z	3.17	ELECTRON MICROSCOPY	Drosophila mojavensis gustatory receptor 43a(Gr43a) in Fructose-bound state
9UUG	2026-06-10T00:00:00Z	3.601	X-RAY DIFFRACTION	The structure of Egalitarian in complex with the K10 mRNA localization signal reveals a modular binding surface required for function
8OR6	2023-08-09T00:00:00Z	2.5	X-RAY DIFFRACTION	Crystal structure of Drosophila melanogaster alpha-amylase
8JHP	2024-05-29T00:00:00Z		SOLUTION NMR	Another hairpin structure found in the RNA element involved in piRNA biogenesis
8ESW	2023-03-29T00:00:00Z	3.3	ELECTRON MICROSCOPY	Structure of mitochondrial complex I from Drosophila melanogaster, Flexible-class 1
9PDH	2025-09-17T00:00:00Z	2.5	X-RAY DIFFRACTION	X-ray structure of WT Drosophila Ahcy bound to NAD and adenosine at 2.50 A
8U8H	2023-10-18T00:00:00Z	4.7	ELECTRON MICROSCOPY	The structure of flightin within myosin thick filaments from Drosophila melanogaster flight muscle
8ZL1	2025-01-29T00:00:00Z	2.86	ELECTRON MICROSCOPY	Cryo-EM structure of the Drosophila INDY (apo outward-open, pH 6)
9G7U	2026-02-04T00:00:00Z	2.1	X-RAY DIFFRACTION	Structure of the Tesup-1 proline-rich binding domain in complex with the proline-rich region of Pih1d1
8ESZ	2023-03-29T00:00:00Z	3.4	ELECTRON MICROSCOPY	Structure of mitochondrial complex I from Drosophila melanogaster, Helix-locked state
8ORP	2023-08-16T00:00:00Z	2.0	X-RAY DIFFRACTION	Crystal structure of Drosophila melanogaster alpha-amylase in complex with the inhibitor acarbose
8RC6	2024-09-11T00:00:00Z	3.3	ELECTRON MICROSCOPY	Cryo-EM structure of hexameric BTB domain of Drosophila CG6765 protein
8VVW	2025-02-12T00:00:00Z	3.29	ELECTRON MICROSCOPY	Structure of the five-fold capsomer of the Drosophila retrotransposon Copia capsid
8VVZ	2025-02-12T00:00:00Z	3.41	ELECTRON MICROSCOPY	Structure of the three-fold capsomer of the Drosophila retrotransposon Copia capsid
8VW3	2025-02-12T00:00:00Z	3.47	ELECTRON MICROSCOPY	Structure of the non-symmetric capsomer of the Drosophila retrotransposon Copia capsid
8VWG	2025-02-12T00:00:00Z	4.17	ELECTRON MICROSCOPY	Structure of the Drosophila retrotransposon Copia capsid
9F7K	2024-09-04T00:00:00Z	1.8	X-RAY DIFFRACTION	Glutathione transferase epsilon 1 from Drosophila melanogaster in complex with glutathione
9G7L	2026-02-04T00:00:00Z	1.9	X-RAY DIFFRACTION	Structure of the proline-rich binding domain of Tesup-1 in complex with dZfc3h1 peptide
9U8M	2025-09-03T00:00:00Z	1.758	X-RAY DIFFRACTION	Drosophila melanogaster Nicotinamidase in Complex with Inhibitor CN2
9ULF	2026-04-22T00:00:00Z	1.949	X-RAY DIFFRACTION	Drosophila melanogaster Nicotinamidase in Complex with Inhibitor CN6
9ULG	2026-04-22T00:00:00Z	1.95	X-RAY DIFFRACTION	Drosophila melanogaster Nicotinamidase in Complex with Inhibitor CN3
9ULH	2026-04-22T00:00:00Z	1.561	X-RAY DIFFRACTION	Drosophila melanogaster Nicotinamidase in Complex with Inhibitor AAM
9ULI	2026-04-22T00:00:00Z	1.659	X-RAY DIFFRACTION	Drosophila melanogaster Nicotinamidase in Complex with Inhibitor CN5
8TXN	2023-11-08T00:00:00Z	1.75	X-RAY DIFFRACTION	Adaptive mechanism of collagen IV scaffold assembly in Drosophila: crystal structure of recombinant NC1 hexamer
8EXW	2024-02-07T00:00:00Z	2.5	X-RAY DIFFRACTION	Drosophila melanogaster indirect flight muscle myosin II (subfragment-1)
9ETM	2024-12-04T00:00:00Z	3.35	ELECTRON MICROSCOPY	cryoEM structure of the Drosophila melanogaster TOM core complex
8B9Z	2023-01-18T00:00:00Z	3.28	ELECTRON MICROSCOPY	Drosophila melanogaster complex I in the Active state (Dm1)
8BA0	2023-01-18T00:00:00Z	3.68	ELECTRON MICROSCOPY	Drosophila melanogaster complex I in the Twisted state (Dm2)
8JME	2024-02-07T00:00:00Z	2.5	ELECTRON MICROSCOPY	The cryo-EM structure of insect gustatory receptor Gr64a from Drosophila melanogaster
8JMH	2024-02-07T00:00:00Z	2.5	ELECTRON MICROSCOPY	The cryo-EM structure of insect gustatory receptor Gr64a from Drosophila melanogaster in complex with sucrose
8JMI	2024-02-07T00:00:00Z	2.6	ELECTRON MICROSCOPY	The cryo-EM structure of insect gustatory receptor Gr64a from Drosophila melanogaster in complex with maltose
8TYS	2023-11-08T00:00:00Z	2.9	X-RAY DIFFRACTION	Adaptive mechanism of collagen IV scaffold assembly in Drosophila: crystal structure of tissue-extracted NC1 hexamer
9FU8	2025-04-02T00:00:00Z		SOLUTION NMR	Structure of the ASH1 domain of Drosophila melanogaster Spd-2
8KFP	2024-06-26T00:00:00Z		SOLUTION NMR	Solution structure of Drosophila melanogaster R2D2 dsRBD1
8U95	2023-10-18T00:00:00Z	4.7	ELECTRON MICROSCOPY	The structure of myosin heavy chain from Drosophila melanogaster flight muscle thick filaments
8WMB	2024-10-02T00:00:00Z	1.645	X-RAY DIFFRACTION	Crystal Structure of Drosophila melanogaster D46A Dopamine N-Acetyltransferase in Complex with Acetyl-CoA
8WME	2024-10-02T00:00:00Z	2.283	X-RAY DIFFRACTION	Crystal Structure of Drosophila melanogaster D46A Dopamine N-Acetyltransferase
8ZKW	2025-01-29T00:00:00Z	2.77	ELECTRON MICROSCOPY	Cryo-EM structure of the Drosophila INDY (apo-asymmetric, pH 6)
8ZKZ	2025-01-29T00:00:00Z	2.7	ELECTRON MICROSCOPY	Cryo-EM structure of the Drosophila INDY (apo-asymmetric, pH8)
8ZL6	2025-01-29T00:00:00Z	2.8	ELECTRON MICROSCOPY	Cryo-EM structure of the Drosophila INDY (apo inward-open, pH 8)
9UKY	2025-12-24T00:00:00Z	2.5	X-RAY DIFFRACTION	Crystal structure of dmCIAO1-CIAO2B-hCDKAL1 pentapeptide complex
7PV5	2023-04-19T00:00:00Z	1.6	X-RAY DIFFRACTION	RBD domain of D. melanogaster tRNA (uracil-5-)-methyltransferase homolog A (TRMT2A)
8C7G	2023-05-17T00:00:00Z	3.2	ELECTRON MICROSCOPY	Drosophila melanogaster Rab7 GEF complex Mon1-Ccz1-Bulli
8DMT	2023-08-02T00:00:00Z	2.28	X-RAY DIFFRACTION	Crystal structure of macrodomain CG2909 from Drosophila melanogaster in complex with ADP-ribose
8GMY	2023-08-30T00:00:00Z	1.7	X-RAY DIFFRACTION	Structure of methyltransferase
8AK3	2023-03-29T00:00:00Z	1.9	X-RAY DIFFRACTION	Drosophila melanogaster UNC89 Protein Kinase 1 in complex with ADP
8JM9	2024-02-07T00:00:00Z	2.6	ELECTRON MICROSCOPY	The cryo-EM structure of insect gustatory receptor Gr43a from Drosophila melanogaster
8JMA	2024-02-07T00:00:00Z	2.5	ELECTRON MICROSCOPY	The cryo-EM structure of insect gustatory receptor Gr43a from Drosophila melanogaster in complex with fructose
8PN0	2024-07-10T00:00:00Z	2.072	X-RAY DIFFRACTION	HEV gt3 P domain in complex with glycan-sensitive nAb p60.12
8X82	2024-02-07T00:00:00Z	2.8	ELECTRON MICROSCOPY	The cryo-EM structure of insect gustatory receptor Gr43a I418A from Drosophila melanogaster
8ZL2	2025-01-29T00:00:00Z	2.8	ELECTRON MICROSCOPY	Cryo-EM structure of the Drosophila INDY (DIDS-bound asymmetric, pH 6)
8ZL3	2025-01-29T00:00:00Z	2.9	ELECTRON MICROSCOPY	Cryo-EM structure of the Drosophila INDY (DIDS-bound outward-open, pH 6)
8ZL4	2025-01-29T00:00:00Z	3.65	ELECTRON MICROSCOPY	Cryo-EM structure of the Drosophila INDY (citrate-bound inward-occluded, pH 6)
9NSF	2026-06-10T00:00:00Z	3.93	X-RAY DIFFRACTION	Crystal Structure of the Complex of Side-VI IG1 Domain and Beat-Vc IG1+2 Domains
9MU9	2025-02-19T00:00:00Z	7.8	ELECTRON MICROSCOPY	Structure of a native Drosophila melanogaster Nucleosome Elongation Complex (Pol II EC-nucleosome). Composite map
8GMZ	2023-08-30T00:00:00Z	1.88	X-RAY DIFFRACTION	Structure of methyltransferase
9C1U	2024-10-09T00:00:00Z	2.31	ELECTRON MICROSCOPY	Cryo-EM Structure of a Tm1C Fibril
8PBV	2024-04-17T00:00:00Z		SOLUTION NMR	Solution NMR structure of D. melanogaster TotA
9C72	2025-04-02T00:00:00Z	1.93	X-RAY DIFFRACTION	Structure of the ASH3 domain of Drosophila melanogaster Spd-2
8UIC	2024-08-21T00:00:00Z	3.54	ELECTRON MICROSCOPY	Structure of the Drosophila IntS11-CG7044(dBRAT1) complex
9UJU	2026-04-29T00:00:00Z	3.08	X-RAY DIFFRACTION	The structure of Egalitarian in complex with the K10 mRNA localization signal reveals a modular binding surface required for function
8AK2	2023-03-29T00:00:00Z	1.75	X-RAY DIFFRACTION	Drosophila melanogaster UNC89 Protein Kinase Domain 1 (apo)
8PMX	2024-07-10T00:00:00Z	3.922	X-RAY DIFFRACTION	rat HEV P domain in complex with glycan-sensitive nAb p60.12
8WXS	2024-11-06T00:00:00Z	2.0	X-RAY DIFFRACTION	Crystal structure of the LOTUS domain of Drosophila Tejas
8X83	2024-02-07T00:00:00Z	2.8	ELECTRON MICROSCOPY	The cryo-EM structure of insect gustatory receptor Gr43a I418A from Drosophila melanogaster in complex with fructose
8X84	2024-02-07T00:00:00Z	3.1	ELECTRON MICROSCOPY	The cryo-EM structure of insect gustatory receptor Gr43a I418A from Drosophila melanogaster in complex with fructose and calcium
9MU6	2025-02-19T00:00:00Z	3.66	ELECTRON MICROSCOPY	Structure of native Drosophila melanogaster DLST
9QA0	2025-05-14T00:00:00Z	2.2	X-RAY DIFFRACTION	Drosophila melanogaster angiotensin converting enzyme homologue, AnCE in complex with IW dipeptide
9QA1	2025-05-14T00:00:00Z	2.2	X-RAY DIFFRACTION	Drosophila melanogaster angiotensin converting enzyme homologue, AnCE in complex with VW dipeptide
9QA2	2025-05-14T00:00:00Z	1.9	X-RAY DIFFRACTION	Drosophila melanogaster angiotensin converting enzyme homologue, AnCE in complex with RW dipeptide
9QA3	2025-05-14T00:00:00Z	2.2	X-RAY DIFFRACTION	Drosophila melanogaster angiotensin converting enzyme homologue, AnCE in complex with YW dipeptide
9QA4	2025-05-14T00:00:00Z	1.85	X-RAY DIFFRACTION	Drosophila melanogaster angiotensin converting enzyme homologue, AnCE in complex with WR dipeptide
8JBE	2024-05-08T00:00:00Z	3.25	ELECTRON MICROSCOPY	CryoEM Structure of metazoan Mon1-Ccz1-RMC1 complex
8CT8	2023-03-01T00:00:00Z	2.5	X-RAY DIFFRACTION	Crystal structure of Drosophila melanogaster PRL/CBS-pair domain complex
9VQO	2026-07-01T00:00:00Z	2.9	ELECTRON MICROSCOPY	The structure of DmOR67d-DmOrco in the apo state
9VQP	2026-07-08T00:00:00Z	2.9	ELECTRON MICROSCOPY	The structure of DmOR67d-DmOrco in the cVA-bound state
9VQR	2026-07-08T00:00:00Z	2.8	ELECTRON MICROSCOPY	The structure of DmOR67d-DmOrco in the VUAA1-bound state
8DMU	2023-07-12T00:00:00Z	2.0	X-RAY DIFFRACTION	Crystal structure of macrodomain CG3568 from Drosophila melanogaster in complex with ADP-ribose
8S41	2025-03-05T00:00:00Z	7.7	ELECTRON MICROSCOPY	The structure of the copia retrotransposon icosahedral capsid (T=9)
9MU7	2026-01-07T00:00:00Z	3.44	ELECTRON MICROSCOPY	Structure of a native Drosophila melanogaster Pol II Elongation Complex with a well-defined Rpb4/Rpb7 stalk
9MU8	2025-05-14T00:00:00Z	3.37	ELECTRON MICROSCOPY	Structure of a native Drosophila melanogaster Pol II Elongation Complex without Rpb4/Rpb7 stalk
7YRJ	2023-08-16T00:00:00Z	2.35	X-RAY DIFFRACTION	S-adenosylmethionine sensor upstream of mTORC1
9JUA	2025-10-08T00:00:00Z	2.55	X-RAY DIFFRACTION	The complex of Eny2B and Sgf11 of Drosophila melanogaster
8PMY	2024-07-10T00:00:00Z	2.406	X-RAY DIFFRACTION	HEV gt3 P domain in complex with glycan-insensitive nAb p60.15
8ZE0	2024-10-30T00:00:00Z	2.54	ELECTRON MICROSCOPY	Drosophila melanogaster gustatory receptor 64a(Gr64a) in apo state
9G6Q	2025-02-12T00:00:00Z	1.2	X-RAY DIFFRACTION	scFv IP11 in complex with rocuronium
9VQQ	2026-07-08T00:00:00Z	2.18	ELECTRON MICROSCOPY	Cryo-EM structure of drosophila TRPgamma determined in GDN, state 1
9VQW	2026-07-08T00:00:00Z	2.38	ELECTRON MICROSCOPY	Cryo-EM structure of drosophila TRPgamma determined in GDN, state 2
9VQX	2026-07-08T00:00:00Z	2.39	ELECTRON MICROSCOPY	Cryo-EM structure of drosophila TRPgamma, calcium free, state 2
9VQY	2026-07-08T00:00:00Z	3.44	ELECTRON MICROSCOPY	Cryo-EM structure of drosophila TRPgamma in complex with camphor
9HBK	2025-09-03T00:00:00Z	3.2	ELECTRON MICROSCOPY	Structure of A16/G9 in complex with A56/K2 (vaccinia virus)
9RDH	2025-09-03T00:00:00Z	4.0	ELECTRON MICROSCOPY	Structure of A16/G9 in complex with A56/K2 at pH 5.5 (vaccinia virus)
9NP7	2026-06-10T00:00:00Z	3.4	X-RAY DIFFRACTION	Crystal Structure of Beat-Vb IG1+2 Domains
7YSR	2023-10-18T00:00:00Z	4.3	ELECTRON MICROSCOPY	GTPgammaS MT decorated with kinesin
8JFW	2024-11-27T00:00:00Z	3.64	ELECTRON MICROSCOPY	Cryo-EM structure of RDGC/apo-CaM complex
9VCD	2026-01-28T00:00:00Z		SOLUTION NMR	N-terminal dimeric C2H2-domain of Drosophila melanogaster IMZF protein
8JKD	2024-01-24T00:00:00Z	2.6	ELECTRON MICROSCOPY	Cryo-EM structure of CCHFV envelope protein Gc trimer in complex with Gc13 Fab
8ZE2	2024-10-30T00:00:00Z	2.57	ELECTRON MICROSCOPY	Drosophila melanogaster gustatory receptor 64a(Gr64a) in Sucrose-bound state
9HL2	2025-09-03T00:00:00Z	2.8	X-RAY DIFFRACTION	Structure of A56/K2 (vaccinia virus)
8HF1	2023-09-06T00:00:00Z	3.7	ELECTRON MICROSCOPY	DmDcr-2/R2D2/LoqsPD with 19bp-dsRNA in Trimer state
7YRI	2023-08-16T00:00:00Z	2.61	X-RAY DIFFRACTION	S-adenosylmethionine sensor upstream of mTORC1
9NSA	2026-06-10T00:00:00Z	2.51	X-RAY DIFFRACTION	Crystal Structure of Side-VII IG1 Domain
7YSQ	2023-10-18T00:00:00Z	6.8	ELECTRON MICROSCOPY	GTPgammaS Tube decorated with kinesin
8JFY	2024-11-27T00:00:00Z	2.79	ELECTRON MICROSCOPY	Cryo-EM structure of RDGC/Ca2+-CaM complex
9BFP	2025-01-29T00:00:00Z	2.78	ELECTRON MICROSCOPY	Cryo-EM structure of Sevenless extracellular domain (monomer)
9BFS	2025-01-29T00:00:00Z	3.06	ELECTRON MICROSCOPY	Cryo-EM structure of Sevenless extracellular domain (dimer, pH 6.6)
9JQX	2025-10-01T00:00:00Z	3.61	ELECTRON MICROSCOPY	CGP54626-bound-DGABAB
9O4F	2025-07-30T00:00:00Z	2.24	ELECTRON MICROSCOPY	Pre-fusion Stabilized HERV-K Envelope Trimer Ectodomain
9BFQ	2025-01-29T00:00:00Z	3.09	ELECTRON MICROSCOPY	Cryo-EM structure of Sevenless in complex with Bride of Sevenless
9BHX	2025-01-22T00:00:00Z	3.94	ELECTRON MICROSCOPY	Structure of the extracellular domain of Protein Sevenless
7ZFR	2023-04-12T00:00:00Z	2.9	X-RAY DIFFRACTION	Crystal structure of HLA-DP (DPA1*02:01-DPB1*01:01) in complex with a peptide bound in the reverse direction
8PMZ	2024-07-10T00:00:00Z	1.912	X-RAY DIFFRACTION	HEV gt3 P domain in complex with glycan-insensitive nAb p61.15
8RM0	2024-10-23T00:00:00Z	3.8	ELECTRON MICROSCOPY	Cryo-EM structure of a Foamy Virus fusion glycoprotein stabilized in the prefusion conformation
9FON	2025-04-23T00:00:00Z	2.121	X-RAY DIFFRACTION	Cocrystal structure of Drosophila melanogaster TDO with a bound compound
9QS0	2026-06-10T00:00:00Z	3.1	X-RAY DIFFRACTION	Crystal Structure of the MAR1-FUS1 Gamete Adhesion Complex in Chlamydomonas reinhardtii
8DKT	2023-01-11T00:00:00Z	2.38	X-RAY DIFFRACTION	Crystal Structure of Septin1 - Septin2 heterocomplex from Drosophila melanogaster
7QQB	2023-06-21T00:00:00Z	2.6	X-RAY DIFFRACTION	Crystal structure of the envelope glycoprotein complex of Puumala virus in complex with the scFv fragment of the broadly neutralizing human antibody ADI-42898
8ADJ	2023-06-14T00:00:00Z	2.508	X-RAY DIFFRACTION	Poly(ADP-ribose) glycohydrolase (PARG) from Drosophila melanogaster in complex with PARG inhibitor PDD00017272
8ADK	2023-06-14T00:00:00Z	2.474	X-RAY DIFFRACTION	Poly(ADP-ribose) glycohydrolase (PARG) from Drosophila melanogaster
9BFU	2025-01-29T00:00:00Z	4.07	ELECTRON MICROSCOPY	Cryo-EM structure of Sevenless extracellular domain (composite map of the dimer, pH 4.6)
8RM1	2024-10-23T00:00:00Z	3.1	ELECTRON MICROSCOPY	Cryo-EM structure of a Foamy Virus fusion glycoprotein in the postfusion conformation
9HI6	2025-12-03T00:00:00Z	1.5	X-RAY DIFFRACTION	Structure of scaffold FI6-focused design_04 in complex with FI6-Fab
9JXR	2025-08-27T00:00:00Z	3.53	ELECTRON MICROSCOPY	Cryo-EM structure of Drosophila melanogaster PXo-G604A
8R1X	2024-09-11T00:00:00Z		SOLUTION NMR	Solution structure and chemical shift assignments for HMG-D Y12F mutant complexed to a 14:12 dA2 bulge DNA
9NQ2	2026-06-10T00:00:00Z	2.4	X-RAY DIFFRACTION	Crystal Structure of Side-IV IG1 Domain
8YIG	2025-03-05T00:00:00Z	3.15	ELECTRON MICROSCOPY	DmDcr-2/LoqsPD/slm2 in initial binding state
8YIH	2025-03-05T00:00:00Z	4.08	ELECTRON MICROSCOPY	DmDcr-2/LoqsPD/slm1 in pre-dicing state
8YII	2025-03-05T00:00:00Z	3.42	ELECTRON MICROSCOPY	DmDcr-2/LoqsPD/slm2 in dicing state
8DD7	2023-02-15T00:00:00Z	3.3	ELECTRON MICROSCOPY	The Cryo-EM structure of Drosophila Cryptochrome in complex with Timeless
9HV7	2025-11-19T00:00:00Z	1.55	X-RAY DIFFRACTION	Crystal structure of Tetraspanin TSPAN10mutant Large Extracellular Loop (LEL)
9NS8	2026-06-10T00:00:00Z	2.51	X-RAY DIFFRACTION	Crystal Structure of Side-VI IG1 Domain
8JLW	2024-01-24T00:00:00Z	3.0	ELECTRON MICROSCOPY	CCHFV envelope protein Gc in complex with Gc8
8JLX	2024-01-24T00:00:00Z	3.0	ELECTRON MICROSCOPY	CCHFV envelope protein Gc in complex with Gc13
9FTQ	2024-10-09T00:00:00Z	2.47	X-RAY DIFFRACTION	Drosophila golgi alpha-mannosidase II (dGMII) in complex with swainsonine-configured alkyl indolizidine
9HNG	2025-09-03T00:00:00Z	2.5	X-RAY DIFFRACTION	Structure of A16/G9 (G9 mutant - H44Y) of Vaccinia virus in complex with VHH D07
9LZL	2025-08-13T00:00:00Z	3.1	ELECTRON MICROSCOPY	Flat-contact of Flock House Virus early disassembly intermediate
9LZW	2025-08-13T00:00:00Z	3.1	ELECTRON MICROSCOPY	Bent-contact of Flock House Virus early disassembly intermediate
9SBF	2026-06-17T00:00:00Z	3.73	X-RAY DIFFRACTION	Drosophila Elav, eSH3 fragment (RRM3) - hexagonal crystal form
8YAC	2025-09-03T00:00:00Z	3.1	ELECTRON MICROSCOPY	Funes-induced Orb2 amyloid like endogenous Orb2 amyloid
7YKR	2023-07-26T00:00:00Z	3.2	ELECTRON MICROSCOPY	Structure of TRPA1 in Drosophila melanogaster in a state with 17 ankyrin repeats determined
7YKS	2023-07-26T00:00:00Z	3.0	ELECTRON MICROSCOPY	Structure of TRPA1 in Drosophila melanogaster in a state with 5 ankyrin repeats determined
8DPL	2023-07-19T00:00:00Z	2.53	ELECTRON MICROSCOPY	Structure of EBOV GP lacking the mucin-like domain with 2.1.1D5 scFv and 6D6 scFv bound
7XYF	2023-12-06T00:00:00Z	3.8	ELECTRON MICROSCOPY	Cryo-EM structure of Fft3-nucleosome complex with Fft3 bound to SHL+2 position of the nucleosome
7XYG	2023-12-06T00:00:00Z	4.2	ELECTRON MICROSCOPY	Cryo-EM structure of Fft3-nucleosome complex with Fft3 bound to SHL+3 position of the nucleosome
9ZQ9	2026-03-25T00:00:00Z	3.3	ELECTRON MICROSCOPY	Nucleosome with an SSB at SHL -2.8 in complex with the WGR domain of human PARP2, Class 1
9ZQA	2026-03-25T00:00:00Z	3.28	ELECTRON MICROSCOPY	Nucleosome with an SSB at SHL -2.8 in complex with the WGR domain of human PARP2, Class 2
9ZQB	2026-03-25T00:00:00Z	2.1	ELECTRON MICROSCOPY	Nucleosome with an SSB at SHL -2.8 in complex with human PARP2 and HPF1, Class 1
9ZQC	2026-03-25T00:00:00Z	2.37	ELECTRON MICROSCOPY	Nucleosome with an SSB at SHL -2.8 in complex with human PARP2 and HPF1, Class 2
8HF0	2023-09-06T00:00:00Z	3.72	ELECTRON MICROSCOPY	DmDcr-2/R2D2/LoqsPD with 50bp-dsRNA in Dimer state
8PMW	2024-07-10T00:00:00Z	1.98	X-RAY DIFFRACTION	HEV gt3 P domain in complex with glycan-sensitive nAb p60.1
8W75	2023-11-29T00:00:00Z	2.85	X-RAY DIFFRACTION	Structure of Drosophila melanogaster L-2-hydroxyglutarate dehydrogenase
8W78	2023-11-29T00:00:00Z	2.81	X-RAY DIFFRACTION	Structure of Drosophila melanogaster L-2-hydroxyglutarate dehydrogenase in complex with FAD and 2-oxoglutarate
8W7F	2023-11-29T00:00:00Z	2.299	X-RAY DIFFRACTION	Structure of Drosophila melanogaster L-2-hydroxyglutarate dehydrogenase bound with FAD and a sulfate ion
9FTR	2024-10-09T00:00:00Z	2.14	X-RAY DIFFRACTION	Drosophila golgi alpha-mannosidase II (dGMII) in complex with amide modified swainsonine-configured alkyl indolizidine
9HI4	2025-12-03T00:00:00Z	2.0	X-RAY DIFFRACTION	Structure of FI6-focused design_03 scaffold in complex with FI6-Fab
9JJD	2025-03-26T00:00:00Z	1.36	X-RAY DIFFRACTION	Structural analysis of autophagy-related protein 8a in Drosophila melanogaster
9SBG	2026-06-17T00:00:00Z	2.2	X-RAY DIFFRACTION	Drosophila Elav, eSH3 fragment (RRM3) - trigonal crystal form
9ETV	2025-03-05T00:00:00Z	2.402	X-RAY DIFFRACTION	Holo IDO with a bound inhibitor
9HT6	2025-11-19T00:00:00Z	2.4	X-RAY DIFFRACTION	Crystal structure of Tetraspanin CD82 Large Extracellular Loop (LEL)
8DMI	2023-04-12T00:00:00Z	3.26	ELECTRON MICROSCOPY	Lymphocytic choriomeningitis virus glycoprotein
9MLA	2025-07-30T00:00:00Z	2.24	ELECTRON MICROSCOPY	Pre-fusion HERV-K Envelope Protein Trimer Ectodomain in complex with Kenv-6 Fab
9EF1	2025-10-01T00:00:00Z	4.4	ELECTRON MICROSCOPY	Cryo-EM structure of Drosophila melanogaster insulin receptor (dmIR) bound with one DILP1, asymmetric conformation
9EF4	2025-10-01T00:00:00Z	3.9	ELECTRON MICROSCOPY	Cryo-EM structure of Drosophila melanogaster insulin receptor (dmIR) bound with two DILP1, symmetric conformation
8Y6P	2024-04-10T00:00:00Z	3.9	ELECTRON MICROSCOPY	Structure of the auto-inhibited Dark monomer
8OIJ	2023-06-21T00:00:00Z	2.0	X-RAY DIFFRACTION	Drosophila Smaug-Smoothened complex
7ZAK	2023-03-29T00:00:00Z	1.62	X-RAY DIFFRACTION	Crystal structure of HLA-DP (DPA1*02:01-DPB1*01:01) in complex with a peptide
7ZQT	2023-05-17T00:00:00Z	2.7	X-RAY DIFFRACTION	Helicobacter pylori adhesin BabA bound to neutralising human antibody.
8PWU	2024-06-05T00:00:00Z	3.148	X-RAY DIFFRACTION	PfRH5 bound to monoclonal antibody MAD10-255
8PWV	2024-06-05T00:00:00Z	2.07	X-RAY DIFFRACTION	PfRH5 bound to monoclonal antibody MAD8-502
8PWX	2024-06-05T00:00:00Z	3.2	X-RAY DIFFRACTION	PfRH5 bound to monoclonal antibody R5.008
9RVY	2026-03-25T00:00:00Z	3.0	ELECTRON MICROSCOPY	Egalitarian-BicD in complex with K10 TLS RNA (Structure A)
9RVZ	2026-03-25T00:00:00Z	3.2	ELECTRON MICROSCOPY	Egalitarian-BicD in complex with K10 TLS RNA (Structure B)
9RW0	2026-03-25T00:00:00Z	3.4	ELECTRON MICROSCOPY	Egalitarian-BicD in complex with K10 TLS RNA (Structure C)
9RW1	2026-03-25T00:00:00Z	3.7	ELECTRON MICROSCOPY	Egalitarian-BicD in complex with K10 TLS RNA (Structure D)
9RW2	2026-03-25T00:00:00Z	3.6	ELECTRON MICROSCOPY	Egalitarian-BicD in complex with K10 TLS RNA (Structure E)
9RW3	2026-03-25T00:00:00Z	3.2	ELECTRON MICROSCOPY	Egalitarian-BicD in complex with hSL1 of the hairy localization element (Structure A)
9RW4	2026-03-25T00:00:00Z	3.9	ELECTRON MICROSCOPY	Egalitarian-BicD in complex with hSL1 of the hairy localization element (Structure B)
9RW5	2026-03-25T00:00:00Z	4.1	ELECTRON MICROSCOPY	Egalitarian-BicD in complex with hSL1 of the hairy localization element (Structure C)
9RW6	2026-03-25T00:00:00Z	3.4	ELECTRON MICROSCOPY	Egalitarian-BicD in complex with ILS of I-factor mRNA (Structure A)
9RW7	2026-03-25T00:00:00Z	3.4	ELECTRON MICROSCOPY	Egalitarian-BicD in complex with bcdSLV of bicoid mRNA (Structure A)
9RW8	2026-03-25T00:00:00Z	4.4	ELECTRON MICROSCOPY	Egalitarian-BicD in complex with bcdSLV of bicoid mRNA (Structure B)
9RW9	2026-03-25T00:00:00Z	4.2	ELECTRON MICROSCOPY	Egalitarian-BicD in complex with bcdSLV of bicoid mRNA (Structure C)
9RWA	2026-03-25T00:00:00Z	3.9	ELECTRON MICROSCOPY	Egalitarian-BicD in complex with GLS of gurken mRNA
9RWB	2026-03-25T00:00:00Z	3.4	ELECTRON MICROSCOPY	Egalitarian-BicD in complex with hSL1 and hSL2 of the hairy localization element
8CGE	2023-08-09T00:00:00Z	2.5	X-RAY DIFFRACTION	The crystal structure of a cobalt-bound scFv reveals a Tetrameric polyHistidine motif (TetrHis)
9ESF	2025-03-05T00:00:00Z	2.501	X-RAY DIFFRACTION	Holo IDO with a bound inhibitor
8B9G	2023-10-18T00:00:00Z	2.86	ELECTRON MICROSCOPY	Cryo-EM structure of MLE in complex with ADP:AlF4 and U10 RNA
8B9I	2023-10-18T00:00:00Z	2.95	ELECTRON MICROSCOPY	Cryo-EM structure of MLE in complex with ADP:AlF4 and UUC RNA
9EF9	2025-10-01T00:00:00Z	3.6	ELECTRON MICROSCOPY	Cryo-EM structure of Drosophila melanogaster insulin receptor (dmIR) bound with three DILP5, asymmetric conformation
8CLS	2023-12-20T00:00:00Z	4.0	ELECTRON MICROSCOPY	Drosophila melanogaster insulin receptor ectodomain in complex with DILP5
8PWW	2024-06-05T00:00:00Z	1.945	X-RAY DIFFRACTION	PfRH5 bound to monoclonal antibody MAD8-151
8UTF	2024-07-03T00:00:00Z	2.73	ELECTRON MICROSCOPY	Structure of the Measles virus Fusion protein in the post-fusion conformation
9BFR	2025-01-29T00:00:00Z	3.19	ELECTRON MICROSCOPY	Cryo-EM structure of Bride of Sevenless extracellular domain (dimer, Sevenless-bound form)
9R09	2025-09-03T00:00:00Z	2.45	X-RAY DIFFRACTION	Structure of A16/G9 (vaccinia virus) in complex with VHH D07 at pH 5.7
9R0B	2025-09-03T00:00:00Z	2.45	X-RAY DIFFRACTION	Structure of A16/G9 (vaccinia virus) in complex with VHH D07 at pH 6.5
9R0J	2025-09-03T00:00:00Z	2.45	X-RAY DIFFRACTION	Structure of A16/G9 (vaccinia virus) in complex with VHH D07 at pH 7.2
9EN7	2024-11-13T00:00:00Z	1.19	X-RAY DIFFRACTION	Hrp48 RRM1 domain
8CP0	2023-07-19T00:00:00Z	3.251	X-RAY DIFFRACTION	Structure of the catalytic domain of P. vivax Sub1 (trigonal crystal form)
8B9K	2023-10-18T00:00:00Z	4.04	ELECTRON MICROSCOPY	Cryo-EM structure of MLE in complex with ADP:AlF4 and SL7modUUC RNA
9ESD	2025-03-05T00:00:00Z	2.103	X-RAY DIFFRACTION	Holo TDO with a bound inhibitor
8Q5D	2024-06-05T00:00:00Z	3.2	X-RAY DIFFRACTION	PfRH5 bound to monoclonal antibody MAD10-466
8UUP	2024-07-03T00:00:00Z	2.11	ELECTRON MICROSCOPY	Structure of the Measles virus Fusion protein in the pre-fusion conformation
8UUQ	2024-07-03T00:00:00Z	2.34	ELECTRON MICROSCOPY	Structure of the Measles virus Fusion protein in the pre-fusion conformation with bound [FIP-HRC]2-PEG11
9HPA	2025-09-03T00:00:00Z	3.1	X-RAY DIFFRACTION	Structure of A16/G9 (vaccinia virus) in complex with VHH D07 and VHH E12
8Y6Q	2024-08-07T00:00:00Z	7.0	ELECTRON MICROSCOPY	Structure of the Dark/Dronc complex
9GW5	2025-10-08T00:00:00Z	4.0	X-RAY DIFFRACTION	type-I interferon autoantibodies pmab3, pmab19 and pmab14 in complex with Interferon alpha-2
8AGR	2023-04-26T00:00:00Z	1.86	X-RAY DIFFRACTION	Crystal structure of DltE from L. plantarum, apo form
8AIK	2023-04-26T00:00:00Z	1.95	X-RAY DIFFRACTION	Crystal structure of DltE from L. plantarum, tartare bound form
9IZ2	2024-11-27T00:00:00Z	2.79	ELECTRON MICROSCOPY	Focus refinement dmCTPS bound with dATP dUTP dGTP and DON
29TJ	2026-07-08T00:00:00Z	2.3	X-RAY DIFFRACTION	Structure of the Porcine Reproductive and Respiratory Syndrome virus-2 glycoprotein GP4 antigenic region 59-69 bound to the neutralizing scFv#18
8BG1	2023-11-08T00:00:00Z	2.88	X-RAY DIFFRACTION	Crystal structure of the SARS-CoV-2 S RBD in complex with pT1511 scFV
8DMH	2023-04-12T00:00:00Z	3.19	ELECTRON MICROSCOPY	Lymphocytic choriomeningitis virus glycoprotein in complex with neutralizing antibody M28
8PJB	2023-11-01T00:00:00Z	3.62	ELECTRON MICROSCOPY	Cryo-EM structure of MLE in complex with UUC RNA and ADP
8PJJ	2023-11-22T00:00:00Z	4.24	ELECTRON MICROSCOPY	Cryo-EM structure of MLE in complex with SL7UUC RNA and ADP
9EUP	2024-07-24T00:00:00Z	3.0	ELECTRON MICROSCOPY	Inhibitor-free outward-open structure of Drosophila dopamine transporter
9HLS	2025-09-03T00:00:00Z	3.2	X-RAY DIFFRACTION	Structure of A16/G9 (vaccinia virus) in complex with VHH D07, VHH B01 and VHH C05
9IZ1	2024-11-27T00:00:00Z	2.73	ELECTRON MICROSCOPY	dmCTPS tetramer with dATP dUTP dGTP and DON
9UAR	2026-04-08T00:00:00Z	1.99	ELECTRON MICROSCOPY	CTP synthase DON-state
9RPD	2025-08-27T00:00:00Z	4.9	ELECTRON MICROSCOPY	D. melanogaster Augmin TII N-clamp (GST-fusion) bound to a microtubule, well-defined subset of particles
8PP6	2024-04-03T00:00:00Z	3.18	ELECTRON MICROSCOPY	human RYBP-PRC1 bound to H2AK118ub1 nucleosome
8AEZ	2023-02-22T00:00:00Z	2.574	X-RAY DIFFRACTION	X-ray structure of the deglycosylated receptor binding domain of Env glycoprotein of Simian Foamy virus
8C1U	2023-11-01T00:00:00Z	1.7	X-RAY DIFFRACTION	SFX structure of D.m(6-4)photolyase
8C69	2023-11-01T00:00:00Z	1.9	X-RAY DIFFRACTION	Light SFX structure of D.m(6-4)photolyase at 100 microsecond time delay
8C6A	2023-11-01T00:00:00Z	1.9	X-RAY DIFFRACTION	Light SFX structure of D.m(6-4)photolyase at 1ps time delay
8C6B	2023-11-01T00:00:00Z	1.9	X-RAY DIFFRACTION	Light SFX structure of D.m(6-4)photolyase at 20ps time delay
8C6C	2023-11-01T00:00:00Z	1.9	X-RAY DIFFRACTION	Light SFX structure of D.m(6-4)photolyase at 300ps time delay
8C6F	2023-11-01T00:00:00Z	1.9	X-RAY DIFFRACTION	Light SFX structure of D.m(6-4)photolyase at 400fs time delay
8C6H	2023-11-01T00:00:00Z	1.9	X-RAY DIFFRACTION	Light SFX structure of D.m(6-4)photolyase at 2ps time delay
8RMJ	2024-07-31T00:00:00Z	2.79	X-RAY DIFFRACTION	Drosophila Semaphorin 2b in complex with glycosaminoglycan mimic SOS
8UT2	2024-07-03T00:00:00Z	2.56	ELECTRON MICROSCOPY	Pre-fusion Measles virus fusion protein complexed with Fab 77
9EUO	2024-07-24T00:00:00Z	3.2	ELECTRON MICROSCOPY	Outward-open structure of Drosophila dopamine transporter bound to an atypical non-competitive inhibitor
8KF9	2024-09-04T00:00:00Z		SOLUTION NMR	Stable G-quadruplex Conformation Formed in Promoter Region of Oncogene RET in 50 mM K+ solution
8KFL	2024-09-04T00:00:00Z		SOLUTION NMR	Stable G-quadruplex Conformation Formed in Promoter Region of Oncogene RET in 100 mM Na+
9EF5	2025-10-01T00:00:00Z	3.7	ELECTRON MICROSCOPY	Cryo-EM structure of Drosophila melanogaster insulin receptor (dmIR) bound with one DILP2, asymmetric conformation
7WIZ	2023-01-11T00:00:00Z	3.2	ELECTRON MICROSCOPY	Structural basis for ligand binding modes of CTP synthase
8AJI	2023-04-26T00:00:00Z	1.94	X-RAY DIFFRACTION	Crystal structure of DltE from L. plantarum, TCEP form
8AKH	2023-04-26T00:00:00Z	1.4	X-RAY DIFFRACTION	Crystal structure of DltE from L. plantarum soaked with LTA
8H7J	2023-10-25T00:00:00Z	2.5	X-RAY DIFFRACTION	The crystal structure of CD163 SRCR5-9
8VF2	2025-12-10T00:00:00Z	3.7	ELECTRON MICROSCOPY	CryoEM structure of Ku homodimer super-complex with linear DNA
8VF4	2025-12-10T00:00:00Z	4.1	ELECTRON MICROSCOPY	CryoEM structure of Ku homodimer super-complex with hairpin DNA
8VF5	2025-12-10T00:00:00Z	3.7	ELECTRON MICROSCOPY	CryoEM structure of Ku homodimer in complex with linear DNA
8W5Z	2024-04-10T00:00:00Z	1.55	X-RAY DIFFRACTION	Crystal structure of tick tyrosylprotein sulfotransferase reveals the activation mechanism of tick anticoagulant protein madanin
8PP7	2024-03-27T00:00:00Z	2.91	ELECTRON MICROSCOPY	human RYBP-PRC1 bound to mononucleosome
8UX1	2023-11-22T00:00:00Z	2.5	ELECTRON MICROSCOPY	Cryo-EM structure of Ran bound to RCC1 and the nucleosome core particle
8BEC	2023-11-01T00:00:00Z	1.7	X-RAY DIFFRACTION	Crystal structure of the SARS-CoV-2 S RBD in complex with pT1375 scFV
8BG2	2023-11-08T00:00:00Z	2.1	X-RAY DIFFRACTION	Crystal structure of the SARS-CoV-2 S RBD in complex with pT1580 scFV
8BG3	2023-11-08T00:00:00Z	1.9	X-RAY DIFFRACTION	Crystal structure of the SARS-CoV-2 S RBD in complex with pT1610 scFV
8BG4	2023-11-08T00:00:00Z	1.6	X-RAY DIFFRACTION	Crystal structure of the SARS-CoV-2 S RBD in complex with pT1611 scFV
8BG5	2023-11-08T00:00:00Z	2.05	X-RAY DIFFRACTION	Crystal structure of the SARS-CoV-2 S RBD in complex with pT1631 scFV
8BG8	2023-11-08T00:00:00Z	3.64	ELECTRON MICROSCOPY	SARS-CoV-2 S protein in complex with pT1696 Fab
8CDD	2023-10-25T00:00:00Z	3.0	ELECTRON MICROSCOPY	PfRH5-PfCyRPA-PfRIPR complex from Plasmodium falciparum bound to antibody Cy.003
8DHU	2024-01-17T00:00:00Z	2.295	X-RAY DIFFRACTION	Crystal structure of LARP-DM15 from Drosophila melanogaster bound to m7GpppC
8YUE	2025-04-09T00:00:00Z	3.15	X-RAY DIFFRACTION	Crystal structure of the kinesin-14 motor protein from Drosophila melanogaster
9Q26	2026-07-01T00:00:00Z	2.3	ELECTRON MICROSCOPY	Structure of the Measles virus Fusion glycoprotein ectodomain in complex with two neutralizing antibodies 4F09 and 3A12
9HKT	2026-05-06T00:00:00Z	3.7	ELECTRON MICROSCOPY	Drosophila melanogaster insulin receptor ectodomain in complex with one DILP2 molecule
9HNI	2026-05-06T00:00:00Z	6.25	ELECTRON MICROSCOPY	Drosophila melanogaster insulin receptor ectodomain in complex with two DILP2 molecules
28ZB	2026-07-08T00:00:00Z	2.426	X-RAY DIFFRACTION	Crystal Structure of HLA class II major histocompatibility complex bound to HCMV-IE1 peptide
9NEU	2025-08-06T00:00:00Z	2.98	ELECTRON MICROSCOPY	C-terminal mVenues tagged Shaker T1 domain in C4 symmetry
8BW8	2024-02-21T00:00:00Z	2.1	X-RAY DIFFRACTION	Crystal structure of the dCNK-SAM-CRIC-PDZ/dHYP-SAM complex
8DPM	2023-07-19T00:00:00Z	3.0	ELECTRON MICROSCOPY	Structure of EBOV GP lacking the mucin-like domain with 9.20.1A2 Fab and 6D6 scFv bound
8ZLW	2025-04-02T00:00:00Z	2.2	X-RAY DIFFRACTION	Crystal Structure of RDGC IQ motif/dCaM Complex
9GVO	2025-10-08T00:00:00Z	1.81	X-RAY DIFFRACTION	type-I interferons autoantibodies pmab15 and pmab14 in complex with Interferon alpha-2
9XYB	2026-04-15T00:00:00Z	2.85	X-RAY DIFFRACTION	Crystal structure of a ZIKV E glycoprotein DI-DIII vaccine candidate in complex with human neutralizing antibody MZ4
8AIC	2023-02-22T00:00:00Z	2.8	X-RAY DIFFRACTION	X-ray structure of the receptor binding domain of Env glycoprotein of Simian Foamy virus
8COZ	2023-07-19T00:00:00Z	1.438	X-RAY DIFFRACTION	Structure of the catalytic domain of P. vivax Sub1 (triclinic crystal form)
8QKE	2024-03-20T00:00:00Z	1.504	X-RAY DIFFRACTION	PvSub1 Catalytic Domain in Complex with Peptidomimetic Inhibitor (MH-13)
8QKG	2024-03-20T00:00:00Z	1.538	X-RAY DIFFRACTION	PvSub1 Catalytic Domain in Complex with Peptidomimetic Inhibitor (MAM-125)
8QKJ	2024-03-20T00:00:00Z	1.767	X-RAY DIFFRACTION	PvSub1 Catalytic Domain in Complex with Peptidomimetic Inhibitor (MAM-133)
9FM5	2025-02-05T00:00:00Z	1.597	X-RAY DIFFRACTION	PvSub1 Catalytic Domain in Complex with Peptidomimetic Inhibitor (AL-97)
8BG6	2023-11-08T00:00:00Z	4.11	ELECTRON MICROSCOPY	SARS-CoV-2 S protein in complex with pT1644 Fab
8S0M	2024-06-26T00:00:00Z	3.55	X-RAY DIFFRACTION	Crystal structure of the HKU1 receptor binding domain in complex with TMPRSS2 and the nanobody A01
9H0B	2025-08-06T00:00:00Z	2.25	X-RAY DIFFRACTION	Crystal structure of the Porcine Hemagglutinating Encephalomyelitis Virus (PHEV) receptor binding domain in complex with porcine DPEP1.
9UJY	2026-04-29T00:00:00Z	2.26	X-RAY DIFFRACTION	The structure of Egalitarian in complex with the K10 mRNA localization signal reveals a modular binding surface required for function
8BW9	2024-02-21T00:00:00Z	3.32	ELECTRON MICROSCOPY	Cryo-EM structure of the RAF activating complex KSR-MEK-CNK-HYP
7S5U	2023-03-15T00:00:00Z	4.41	X-RAY DIFFRACTION	Extended bipolar assembly domain of kinesin-5 minifilament
7WJ4	2023-01-11T00:00:00Z	3.15	ELECTRON MICROSCOPY	Structural basis for ligand binding modes of CTP synthase
7YB4	2023-07-26T00:00:00Z		SOLUTION NMR	Solution structure of homeodomain of EXTRADENTICLE
9C0O	2024-07-03T00:00:00Z	1.53	X-RAY DIFFRACTION	Crystal structure of DmCfp1 PHD finger bound to H3K4me3
9NEC	2025-08-06T00:00:00Z	3.2	ELECTRON MICROSCOPY	AcA-EI-shaker with free peptide conformation A
9NED	2025-08-06T00:00:00Z	3.2	ELECTRON MICROSCOPY	AcA-EI-shaker with free peptide conformation B
9NEG	2025-08-06T00:00:00Z	3.17	ELECTRON MICROSCOPY	AcA-EI-shaker Class C
9NEI	2025-08-06T00:00:00Z	2.97	ELECTRON MICROSCOPY	GT-Shaker Class A
9NES	2025-08-06T00:00:00Z	2.67	ELECTRON MICROSCOPY	C-terminal mVenues tagged Shaker TM domain in C4 symmetry
9OIC	2025-12-03T00:00:00Z	3.48	ELECTRON MICROSCOPY	Structure of shaker-IR-I384R
8COY	2023-07-19T00:00:00Z	1.507	X-RAY DIFFRACTION	Structure of the catalytic domain of P. vivax Sub1 (triclinic crystal form) in complex with inhibitor
8OIK	2023-04-05T00:00:00Z	1.62	X-RAY DIFFRACTION	D-PHAT domain (NTD) of human SAMD4A
8OUI	2024-05-01T00:00:00Z	3.39	ELECTRON MICROSCOPY	Complex of ASCT2 with Suppressyn
8PHI	2024-02-21T00:00:00Z	2.289	X-RAY DIFFRACTION	Crystal structure of prefusion-stabilized RSV F Variant DS-Cav1 in complex with Lonafarnib
8U1C	2024-03-27T00:00:00Z	2.89	ELECTRON MICROSCOPY	A mechanistic understanding of protective influenza B neuraminidase mAbs at the airway interface
8U1Q	2024-03-27T00:00:00Z	3.36	ELECTRON MICROSCOPY	A mechanistic understanding of protective influenza B neuraminidase mAbs at the airway interface
9B1R	2024-05-15T00:00:00Z	3.5	X-RAY DIFFRACTION	Functional implication of the homotrimeric multidomain vacuolar sorting receptor 1 from Arabidopsis thaliana
9TUZ	2026-07-08T00:00:00Z	3.4	ELECTRON MICROSCOPY	PfRIPR bound to monoclonal antibody MAD8-2
9W7X	2026-05-06T00:00:00Z	3.95	ELECTRON MICROSCOPY	Cryo-EM structure of dPIEZO channel
7QOT	2023-01-18T00:00:00Z	3.24	X-RAY DIFFRACTION	Factor XI and Plasma Kallikrein apple domain structures reveals different kininogen bound complexes
8B9J	2023-10-18T00:00:00Z	3.45	ELECTRON MICROSCOPY	Cryo-EM structure of MLE in complex with ADP:AlF4
8B9L	2023-10-18T00:00:00Z	3.45	ELECTRON MICROSCOPY	Cryo-EM structure of MLE
8Z0N	2025-03-19T00:00:00Z		SOLUTION NMR	Structure and dynamics of Drk-SH2 domain and its site-specific interaction with Sev
9H6U	2025-07-23T00:00:00Z	3.27	ELECTRON MICROSCOPY	SARS-CoV-2 S protein in complex with pT1679 Fab
8RZ2	2024-07-17T00:00:00Z	2.4	X-RAY DIFFRACTION	PfRH5 bound to monoclonal antibody R5.034
8S0N	2024-06-26T00:00:00Z	2.3	X-RAY DIFFRACTION	Crystal structure of the TMPRSS2 zymogen in complex with the nanobody A07
8TEO	2023-12-20T00:00:00Z	2.39	ELECTRON MICROSCOPY	Shaker in low K+ (4mM K+)
9BOP	2025-11-05T00:00:00Z	3.0	ELECTRON MICROSCOPY	A broadly-neutralizing antibody against Ebolavirus glycoprotein that can potentiate the breadth and neutralization potency of other anti-glycoprotein antibodies
8OH4	2023-05-10T00:00:00Z	16.5	ELECTRON MICROSCOPY	Subtomogram averaging structure of cofilactin filament inside microtubule lumen of Drosophila S2 cell protrusion.
9QGG	2025-10-29T00:00:00Z	2.58	ELECTRON MICROSCOPY	Consensus structure of dUBA1-UbDha-dBIRC6 trapped ternary complex
9QGI	2025-10-29T00:00:00Z	3.16	ELECTRON MICROSCOPY	Structure of dUBA1-UbDha-dBIRC6 trapped ternary complex (Cluster 2)
9QGR	2025-10-29T00:00:00Z	3.1	ELECTRON MICROSCOPY	Structure of dUBA1-UbDha-dBIRC6 trapped ternary complex (Cluster 4)
9HGZ	2025-12-03T00:00:00Z	2.46	X-RAY DIFFRACTION	Crystal structure of recombinant swine butyrylcholinesterase
8OS5	2024-03-27T00:00:00Z	3.4	X-RAY DIFFRACTION	Crystal structure of the Factor XII heavy chain reveals an interlocking dimer with a FnII to kringle domain interaction
8CTG	2023-03-15T00:00:00Z	3.8	ELECTRON MICROSCOPY	Extracellular architecture of an engineered canonical Wnt signaling ternary complex
9HH0	2025-12-03T00:00:00Z	2.66	X-RAY DIFFRACTION	Crystal structure of recombinant soman-aged swine butyrylcholinesterase
9Q71	2026-04-15T00:00:00Z	2.8	ELECTRON MICROSCOPY	Structure of the Measles Virus Fusion Glycoprotein Ectodomain in Postfusion Conformation Bound to Neutralizing Antibody H8
7QOX	2023-01-18T00:00:00Z	2.32	X-RAY DIFFRACTION	Factor XI and Plasma Kallikrein apple domain structures reveals different kininogen bound complexes
9GVL	2025-10-08T00:00:00Z	2.006	X-RAY DIFFRACTION	type-I interferons autoantibody pmab15 in complex with Interferon alpha-2
9YZT	2026-02-18T00:00:00Z	3.3	X-RAY DIFFRACTION	Isoreticular co-crystal 1 with asymmetrical expanded duplex (31mer) containing insert sequence TAATTAGGCCG and loaded with Antennapedia homeodomain
8S0L	2024-06-26T00:00:00Z	1.8	X-RAY DIFFRACTION	Crystal structure of the TMPRSS2 zymogen in complex with the nanobody A07
8U1S	2024-03-27T00:00:00Z	3.21	ELECTRON MICROSCOPY	A mechanistic understanding of protective influenza B neuraminidase mAbs at the airway interface
8BO8	2023-11-29T00:00:00Z	1.55	X-RAY DIFFRACTION	X-ray structure of human glutamate carboxypeptidase II (GCPII) in complex with an inhibitor P17
8BOL	2023-11-29T00:00:00Z	1.55	X-RAY DIFFRACTION	X-ray structure of human glutamate carboxypeptidase II (GCPII) in complex with an inhibitor P18
8BOW	2023-11-29T00:00:00Z	1.58	X-RAY DIFFRACTION	X-ray structure of human glutamate carboxypeptidase II (GCPII) in complex with an inhibitor 617
8CDE	2023-10-25T00:00:00Z	3.1	ELECTRON MICROSCOPY	PfCyRPA-PfRIPR complex from Plasmodium falciparum bound to antibody Cy.003
9AT8	2024-07-03T00:00:00Z	3.6	ELECTRON MICROSCOPY	Fab 77-stabilized MeV F ectodomain fragment
9Q5M	2026-04-15T00:00:00Z	2.59	ELECTRON MICROSCOPY	Structure of the Measles virus Fusion glycoprotein ectodomain in complex with neutralizing antibody Y10F
9Q7B	2026-04-15T00:00:00Z	2.42	ELECTRON MICROSCOPY	Structure of the Measles Virus Fusion Glycoprotein Ectodomain in Prefusion Conformation Bound to Neutralizing Antibody H8
9Q7C	2026-06-24T00:00:00Z	4.01	ELECTRON MICROSCOPY	Cryo-electron microscopy structure of PfRIPR bound to monoclonal antibodies RP.092 and RP.052
8F36	2023-04-19T00:00:00Z		SOLUTION NMR	Ubx Homeodomain NMR solution structure
8F37	2023-04-19T00:00:00Z		SOLUTION NMR	AbdA Homeodomain NMR Solution Structure
7YTP	2023-11-15T00:00:00Z	2.77	ELECTRON MICROSCOPY	TLR7 in complex with an inhibitor
8D7P	2023-05-17T00:00:00Z	2.25	X-RAY DIFFRACTION	Human Casein kinase 1 delta in complex with phosphorylated Drosophila PERIOD peptide
8FIA	2023-05-03T00:00:00Z	2.4	X-RAY DIFFRACTION	The structure of fly Teneurin self assembly
9YZL	2026-02-18T00:00:00Z	3.02	X-RAY DIFFRACTION	Isoreticular co-crystal of Replication Initiator Protein REPE54 and asymmetrical expanded duplex (31mer) containing the cognate REPE54 sequence, and additional T-A rich sequence with 5' terminal phosphates. Two copies of Even-skipped homeodomain loaded post-crystallization
9YZM	2026-02-18T00:00:00Z	3.07	X-RAY DIFFRACTION	Isoreticular co-crystal 1 with asymmetrical expanded duplex (31mer) containing insert sequence CTAATTAGGC and loaded with Even-skipped homeodomain
9YZN	2026-02-18T00:00:00Z	3.16	X-RAY DIFFRACTION	Isoreticular co-crystal 1 with asymmetrical expanded duplex (31mer) containing insert sequence TGATGAGCAG and loaded with Even-skipped homeodomain
9YZO	2026-02-18T00:00:00Z	2.96	X-RAY DIFFRACTION	Isoreticular co-crystal 1 with asymmetrical expanded duplex (31mer) containing insert sequence TGATGAGCAG and loaded with Even-skipped homeodomain
9YZS	2026-02-18T00:00:00Z	3.08	X-RAY DIFFRACTION	Isoreticular co-crystal 1 with asymmetrical expanded duplex (31mer) containing insert sequence TAATTAGGCCG and loaded with Even-skipped homeodomain
9JR0	2025-10-22T00:00:00Z	3.06	ELECTRON MICROSCOPY	GABA-DGABAB-Gi-complex
9G3Q	2025-04-16T00:00:00Z	1.2	X-RAY DIFFRACTION	Chitinase-like protein AgBR1 from Aedes aegypti
8UQ6	2024-06-12T00:00:00Z	3.6	ELECTRON MICROSCOPY	Human Plasminogen bound to streptococcal surface enolase
9Q5V	2026-04-15T00:00:00Z	2.82	ELECTRON MICROSCOPY	Structure of the Measles virus Fusion glycoprotein ectodomain in complex with two neutralizing antibodies mAb77 and Y10F
9SAT	2026-03-18T00:00:00Z	2.56	X-RAY DIFFRACTION	Monoclonal Antibodies from COVID-19 Convalescent Patients Target Cryptic Epitopes for Universal SARS-CoV-2 Neutralization
7ZSD	2023-03-01T00:00:00Z	3.29	ELECTRON MICROSCOPY	cryo-EM structure of omicron spike in complex with de novo designed binder, local
9YZP	2026-02-18T00:00:00Z	3.67	X-RAY DIFFRACTION	Isoreticular co-crystal 1 with asymmetrical expanded duplex (31mer) containing insert sequence TGATGAGCAG and loaded with ultrabithorax homeodomain
9YZR	2026-02-18T00:00:00Z	3.39	X-RAY DIFFRACTION	Isoreticular co-crystal 1 with asymmetrical expanded duplex (31mer) containing insert sequence TAATTAGGCCG and loaded with ultrabithorax homeodomain
7TN9	2023-01-25T00:00:00Z	3.1	ELECTRON MICROSCOPY	Structure of the Inmazeb cocktail and resistance to escape against Ebola virus
9V33	2026-03-18T00:00:00Z	5.9	ELECTRON MICROSCOPY	Calypso/Asx/NCP-ub complex
8JZW	2024-07-10T00:00:00Z	1.8	X-RAY DIFFRACTION	Cystal structure of HP1 in complex with TRIM66 peptide
8OFN	2023-08-09T00:00:00Z	3.48	X-RAY DIFFRACTION	Structure of the yellow fever virus (Asibi strain) dimeric envelope protein
8OUH	2024-05-01T00:00:00Z	2.62	ELECTRON MICROSCOPY	Complex of human ASCT2 with Syncytin-1
8OUJ	2024-05-01T00:00:00Z	3.5	ELECTRON MICROSCOPY	Heterotrimeric Complex of Human ASCT2 with Syncytin-1
9HQ5	2025-11-19T00:00:00Z	2.6	X-RAY DIFFRACTION	Crystal structure of Tetraspanin CD63mutant Large Extracellular Loop (LEL) in complex with sybody SB3
9HUR	2025-11-19T00:00:00Z	1.65	X-RAY DIFFRACTION	Crystal structure of Tetraspanin CD63mutant Large Extracellular Loop (LEL) in complex with sybody LA4
9Q69	2026-06-24T00:00:00Z	3.35	ELECTRON MICROSCOPY	Cryo-electron microscopy structure of PfRIPR bound to monoclonal antibodies RP.047, RP.057 and RP.035
9Q6B	2026-06-24T00:00:00Z	2.97	ELECTRON MICROSCOPY	Cryo-electron microscopy structure of PfRIPR bound to monoclonal antibodies RP.093, RP.073 and RP.063
9YZQ	2026-02-18T00:00:00Z	3.75	X-RAY DIFFRACTION	Isoreticular co-crystal 1 with asymmetrical expanded duplex (31mer) containing insert sequence TGATGAGCAG and loaded with Engrailed homeodomain enhanced Green fluorescent protein fusion
8S4H	2024-09-18T00:00:00Z	1.7	X-RAY DIFFRACTION	Crystal structure of scFv-1B6 in complex with rocuronium bromide
9HJK	2025-12-10T00:00:00Z	3.27	ELECTRON MICROSCOPY	Cryo-EM structure of the Arabidopsis thaliana CAT4 transporter in the outward-open apo state
9JZP	2025-10-15T00:00:00Z	2.322	X-RAY DIFFRACTION	Crystal structure of Nir2 C-terminal domain
9JTZ	2025-10-15T00:00:00Z	2.15	X-RAY DIFFRACTION	Crystal structure of Nir2 C-terminal domain in complex with phosphatidic acid
9JZ1	2025-10-15T00:00:00Z	2.402	X-RAY DIFFRACTION	Crystal structure of Nir2 C-terminal domain in complex with phosphate
7ZSS	2023-03-01T00:00:00Z	2.63	ELECTRON MICROSCOPY	cryo-EM structure of D614 spike in complex with de novo designed binder
8YY2	2025-10-08T00:00:00Z	3.6	ELECTRON MICROSCOPY	Kinesin-14 in nucleotide-free state bound to 13 PF Microtubule
8YY3	2025-10-08T00:00:00Z	3.24	ELECTRON MICROSCOPY	Kinesin-14 in nucleotide-free state bound to 14 PF Microtubule
8YY4	2025-10-15T00:00:00Z	4.02	ELECTRON MICROSCOPY	Kinesin-14 with AlF3 bound to 13 PF Microtubule
8YY5	2025-10-08T00:00:00Z	3.99	ELECTRON MICROSCOPY	Kinesin-14 with AlF3 bound to 14 PF Microtubule
7YH6	2023-07-19T00:00:00Z	3.4	ELECTRON MICROSCOPY	Structure of SARS-CoV-2 spike RBD in complex with neutralizing antibody NIV-8
8QH0	2024-06-19T00:00:00Z	1.87	X-RAY DIFFRACTION	Crystal structure of the SARS-CoV-2 RBD with the antibody Cv2.3194
7ZRV	2023-03-08T00:00:00Z	2.8	ELECTRON MICROSCOPY	cryo-EM structure of omicron spike in complex with de novo designed binder, full map
9C5E	2024-08-14T00:00:00Z		SOLUTION NMR	Covalent Complex Between Parkin Catalytic (Rcat) Domain and Ubiquitin
9JYX	2025-10-15T00:00:00Z	2.798	X-RAY DIFFRACTION	Crystal structure of Nir2 DDHD domain
9B1E	2024-10-09T00:00:00Z	4.4	ELECTRON MICROSCOPY	Cryo-EM structure of native SWR1 bound to nucleosome (composite structure)
7YH7	2023-07-19T00:00:00Z	3.3	ELECTRON MICROSCOPY	SARS-CoV-2 spike in complex with neutralizing antibody NIV-8 (state 2)
9OD2	2026-01-21T00:00:00Z	4.09	ELECTRON MICROSCOPY	Cryo-EM structure of modified Zika virus E protein dimer complexed with a neutralizing antibody SMZAb2 Fab
8I96	2024-08-14T00:00:00Z	3.2	ELECTRON MICROSCOPY	Cryo-EM structure of TLR7/TH-407b complex
9CI7	2025-05-21T00:00:00Z	2.1	X-RAY DIFFRACTION	Structure of PNUTS:Tox4 complex
9YC5	2026-02-04T00:00:00Z	2.94	ELECTRON MICROSCOPY	Human uPAR bound to the Fab fragment of targeted cancer therapeutic antibody FL1
9YC6	2026-02-04T00:00:00Z	4.8	ELECTRON MICROSCOPY	Mutant human uPAR bound to the Fab fragment of the targeted cancer therapeutic antibody FL1
7YTX	2023-09-27T00:00:00Z	2.9	X-RAY DIFFRACTION	Crystal structure of TLR8 in complex with its antagonist
8PFI	2023-08-16T00:00:00Z	2.785	X-RAY DIFFRACTION	Crystal structure of human TLR8 in complex with compound 34
8S9H	2024-02-07T00:00:00Z	2.437	X-RAY DIFFRACTION	Crystal structure of monkey TLR7 ectodomain with compound 14
8TTY	2024-02-07T00:00:00Z	2.101	X-RAY DIFFRACTION	Crystal structure of monkey TLR7 ectodomain with compound 5
8TTZ	2024-02-07T00:00:00Z	3.14	X-RAY DIFFRACTION	Crystal structure of monkey TLR7 ectodomain with compound 20
8ZW2	2025-12-17T00:00:00Z	3.0	ELECTRON MICROSCOPY	Cryo-EM analysis of TLR7 in complex with GUC-v1
8ZW4	2025-12-17T00:00:00Z	3.0	ELECTRON MICROSCOPY	TLR7 in complex with GUC-v1 (RR)
8ZXE	2025-12-17T00:00:00Z	2.7	ELECTRON MICROSCOPY	TLR7 in complex with mGrArA (SS)
8ZXF	2025-12-17T00:00:00Z	2.7	ELECTRON MICROSCOPY	TLR7 in complex with mGrArA (RR)
9LUV	2025-12-31T00:00:00Z	2.9	ELECTRON MICROSCOPY	Cryo-EM analysis of TLR7 in complex with mGrUrC
9MHW	2025-03-05T00:00:00Z	1.52	X-RAY DIFFRACTION	Human TLR8 ectodomain with small molecule agonist 9
9MHX	2025-03-05T00:00:00Z	2.13	X-RAY DIFFRACTION	Human TLR8 ectodomain with small molecule agonist 7
9MHY	2025-03-05T00:00:00Z	1.66	X-RAY DIFFRACTION	Human TLR8 ectodomain with small molecule agonist 1
9MHV	2025-03-05T00:00:00Z	2.45	X-RAY DIFFRACTION	Monkey TLR7 ectodomain with small molecule agonist 9
9PL9	2026-01-21T00:00:00Z	4.18	ELECTRON MICROSCOPY	Cryo-EM structure of modified JEV virus E protein dimer
9FL8	2025-01-29T00:00:00Z	2.64	X-RAY DIFFRACTION	Stapled peptide bound to NOT9-NOT1 complex
8GZN	2023-10-25T00:00:00Z	3.6	ELECTRON MICROSCOPY	IgM-var2CSA complex
9GVN	2026-01-14T00:00:00Z	1.933	X-RAY DIFFRACTION	DEPEMOKIMAB FAB IN COMPLEX WITH INTERLEUKIN 5
9JUI	2025-10-15T00:00:00Z	2.05	X-RAY DIFFRACTION	Crystal structure of FFAT motif of Nir2 bound to VAPB
7FQI	2023-10-11T00:00:00Z	1.45	X-RAY DIFFRACTION	Crystal Structure of human Legumain in complex with (2S)-N-[(1S)-3-amino-1-cyano-3-oxopropyl]-1-[1-[4-[(2,4-difluorophenyl)methoxy]phenyl]cyclopropanecarbonyl]pyrrolidine-2-carboxamide
9PM6	2026-01-21T00:00:00Z	3.45	ELECTRON MICROSCOPY	Cryo-EM structure of modified Zika virus E protein dimer complexed with a neutralizing antibody OZ-D4 Fab
7FQH	2023-10-11T00:00:00Z	2.18	X-RAY DIFFRACTION	Crystal Structure of human Legumain in complex with (2S)-N-[(3S)-5-amino-5-oxopent-1-yn-3-yl]-1-[1-[4-(cyclopropylmethoxy)phenyl]cyclopropanecarbonyl]pyrrolidine-2-carboxamide
7FQJ	2023-10-11T00:00:00Z	1.7	X-RAY DIFFRACTION	Crystal Structure of human Legumain in complex with (2S)-N-[(1S)-3-amino-1-cyano-3-oxopropyl]-1-[1-[4-[(2,4-difluorophenyl)methoxy]phenyl]cyclopropanecarbonyl]pyrrolidine-2-carboxamide
7FQK	2023-10-11T00:00:00Z	1.97	X-RAY DIFFRACTION	Crystal Structure of human Legumain in complex with (2S)-N-[(3S)-5-amino-1-(1,3-oxazol-2-yl)-5-oxopent-1-yn-3-yl]-1-[1-[4-(trifluoromethoxy)phenyl]cyclopropanecarbonyl]pyrrolidine-2-carboxamide
7FQL	2023-10-11T00:00:00Z	2.53	X-RAY DIFFRACTION	Crystal Structure of human Legumain in complex with (2S)-N-[(1S)-3-amino-1-cyano-3-oxopropyl]-1-[1-[4-[(2,4-difluorophenyl)methoxy]phenyl]cyclopropanecarbonyl]pyrrolidine-2-carboxamide
8JJ6	2023-08-30T00:00:00Z	2.72	X-RAY DIFFRACTION	Structure of the NELF-BCE complex
9TEX	2026-05-13T00:00:00Z	2.54	ELECTRON MICROSCOPY	Dal2 bound to the Escherichia coli 70S ribosome
8ANA	2023-03-08T00:00:00Z	2.1	ELECTRON MICROSCOPY	Cryo-EM structure of the proline-rich antimicrobial peptide drosocin bound to the 50S ribosomal subunit
9B3N	2024-10-16T00:00:00Z	1.5	X-RAY DIFFRACTION	Human Notch-1 EGFs 20-24
9TEZ	2026-05-13T00:00:00Z	2.88	ELECTRON MICROSCOPY	DalDroS bound to the Escherichia coli 50S ribosomal subunit
8AKN	2023-03-08T00:00:00Z	2.3	ELECTRON MICROSCOPY	Cryo-EM structure of the proline-rich antimicrobial peptide drosocin bound to the terminating ribosome
8AM9	2023-03-08T00:00:00Z	2.8	ELECTRON MICROSCOPY	Cryo-EM structure of the proline-rich antimicrobial peptide drosocin bound to the elongating ribosome
9TEW	2026-05-13T00:00:00Z	2.9	ELECTRON MICROSCOPY	DalDro bound to the initiating Escherichia coli 70S ribosome
